date,invested,returned,selling_chanel,roi,month,day_of_week,day_of_month
2020-01-01,90226,74527,Radio,-17.39964090173564,January,Wednesday,1
2020-01-02,97447,130217,TV,33.6285365378103,January,Thursday,2
2020-01-03,60744,103071,Print Advertising,69.68095614381667,January,Friday,3
2020-01-04,54435,108568,Print Advertising,99.4452098833471,January,Saturday,4
2020-01-05,44942,44451,Radio,-1.0925192470295046,January,Sunday,5
2020-01-06,21206,102132,TV,381.6184098839951,January,Monday,6
2020-01-07,63157,56202,Print Advertising,-11.012239340057317,January,Tuesday,7
2020-01-08,36495,55997,TV,53.43745718591588,January,Wednesday,8
2020-01-09,56084,122034,TV,117.59146993795022,January,Thursday,9
2020-01-10,72437,102251,Social Media,41.158523958750365,January,Friday,10
2020-01-11,83416,116316,Print Advertising,39.440874652344874,January,Saturday,11
2020-01-12,74039,91702,Radio,23.856345979821445,January,Sunday,12
2020-01-13,48771,100798,Radio,106.67609850115846,January,Monday,13
2020-01-14,80192,121605,Radio,51.64230845969673,January,Tuesday,14
2020-01-15,70046,68604,Print Advertising,-2.0586471747137596,January,Wednesday,15
2020-01-16,34551,95535,TV,176.50429799426934,January,Thursday,16
2020-01-17,29817,90337,Radio,202.9714592346648,January,Friday,17
2020-01-18,43744,12968,TV,-70.35479151426482,January,Saturday,18
2020-01-19,91252,113426,Print Advertising,24.299741375531493,January,Sunday,19
2020-01-20,20209,72233,Radio,257.42985798406653,January,Monday,20
2020-01-21,57415,95790,Social Media,66.83793433771662,January,Tuesday,21
2020-01-22,76433,44453,TV,-41.840566247563224,January,Wednesday,22
2020-01-23,53015,115875,Print Advertising,118.5702159766104,January,Thursday,23
2020-01-24,69825,97020,Radio,38.94736842105263,January,Friday,24
2020-01-25,31178,79801,Radio,155.95291551735198,January,Saturday,25
2020-01-26,41600,74322,Radio,78.65865384615385,January,Sunday,26
2020-01-27,78637,80392,Print Advertising,2.2317738469168455,January,Monday,27
2020-01-28,82265,40033,Social Media,-51.33653437063149,January,Tuesday,28
2020-01-29,76983,94358,Social Media,22.56991803385163,January,Wednesday,29
2020-01-30,67728,94296,TV,39.22749822820695,January,Thursday,30
2020-01-31,67087,108174,Social Media,61.244354345849416,January,Friday,31
2020-02-01,81967,74429,Radio,-9.196383910598167,February,Saturday,1
2020-02-02,71441,21814,Social Media,-69.46571296594392,February,Sunday,2
2020-02-03,97853,28011,Print Advertising,-71.37440855160293,February,Monday,3
2020-02-04,35587,92448,Social Media,159.78025683536123,February,Tuesday,4
2020-02-05,63268,102883,Radio,62.61459189479673,February,Wednesday,5
2020-02-06,44517,92588,Radio,107.9834669901386,February,Thursday,6
2020-02-07,95962,108731,TV,13.306308747212439,February,Friday,7
2020-02-08,41461,71026,TV,71.30797617037699,February,Saturday,8
2020-02-09,47383,75704,Print Advertising,59.77038178249583,February,Sunday,9
2020-02-10,76753,43543,Print Advertising,-43.26866702278738,February,Monday,10
2020-02-11,89784,48403,Radio,-46.089503697763526,February,Tuesday,11
2020-02-12,50870,124410,Social Media,144.56457637114212,February,Wednesday,12
2020-02-13,87727,87850,TV,0.14020768976483866,February,Thursday,13
2020-02-14,42465,55135,TV,29.836335805957848,February,Friday,14
2020-02-15,77995,34216,TV,-56.13052118725559,February,Saturday,15
2020-02-16,89481,73528,Print Advertising,-17.8283657983259,February,Sunday,16
2020-02-17,62427,64161,Print Advertising,2.777644288529002,February,Monday,17
2020-02-18,51695,77943,Radio,50.774736434858305,February,Tuesday,18
2020-02-19,34735,108104,Print Advertising,211.22498920397294,February,Wednesday,19
2020-02-20,46554,59852,Print Advertising,28.564677578725785,February,Thursday,20
2020-02-21,73979,104108,TV,40.72642236310304,February,Friday,21
2020-02-22,84727,99950,TV,17.96711791990747,February,Saturday,22
2020-02-23,73192,72314,Social Media,-1.199584654060553,February,Sunday,23
2020-02-24,24998,100108,TV,300.46403712296984,February,Monday,24
2020-02-25,57983,134305,TV,131.6282358622355,February,Tuesday,25
2020-02-26,92329,103704,Print Advertising,12.320072783199212,February,Wednesday,26
2020-02-27,91069,130731,TV,43.551592748355645,February,Thursday,27
2020-02-28,67614,20855,Print Advertising,-69.15579613689472,February,Friday,28
2020-02-29,52525,90881,Print Advertising,73.0242741551642,February,Saturday,29
2020-03-01,35246,69828,Radio,98.11609828065596,March,Sunday,1
2020-03-02,22937,136212,Social Media,493.8527270349217,March,Monday,2
2020-03-03,48497,91638,Radio,88.95601789801431,March,Tuesday,3
2020-03-04,86176,119073,Radio,38.17420163386558,March,Wednesday,4
2020-03-05,25158,118896,Print Advertising,372.5971857858335,March,Thursday,5
2020-03-06,27005,25350,Print Advertising,-6.128494723199408,March,Friday,6
2020-03-07,53739,51629,TV,-3.926384934591265,March,Saturday,7
2020-03-08,59098,34272,TV,-42.0081897864564,March,Sunday,8
2020-03-09,79309,99966,Print Advertising,26.04622426206357,March,Monday,9
2020-03-10,82086,135296,Social Media,64.82225958141461,March,Tuesday,10
2020-03-11,39495,24184,Radio,-38.76693252310419,March,Wednesday,11
2020-03-12,79094,13221,Radio,-83.28444635497003,March,Thursday,12
2020-03-13,84532,139572,Radio,65.11143708891308,March,Friday,13
2020-03-14,69750,75965,Social Media,8.910394265232975,March,Saturday,14
2020-03-15,76377,114830,Social Media,50.346308443641405,March,Sunday,15
2020-03-16,88643,16677,Print Advertising,-81.18633169003756,March,Monday,16
2020-03-17,87829,44970,TV,-48.79823292989787,March,Tuesday,17
2020-03-18,73934,12465,Radio,-83.14036843671383,March,Wednesday,18
2020-03-19,29318,43895,Print Advertising,49.72030834299748,March,Thursday,19
2020-03-20,47380,62642,TV,32.211903756859435,March,Friday,20
2020-03-21,53891,60555,Print Advertising,12.365701137481212,March,Saturday,21
2020-03-22,46587,88038,Print Advertising,88.97546525854852,March,Sunday,22
2020-03-23,31366,20188,Social Media,-35.6373142893579,March,Monday,23
2020-03-24,90592,34733,Social Media,-61.659969975273754,March,Tuesday,24
2020-03-25,95467,31456,Social Media,-67.05039437711461,March,Wednesday,25
2020-03-26,29479,32966,Radio,11.82875945588385,March,Thursday,26
2020-03-27,72821,18366,TV,-74.77925323739031,March,Friday,27
2020-03-28,31772,71435,Social Media,124.83633387888706,March,Saturday,28
2020-03-29,67590,79050,Print Advertising,16.955170883266753,March,Sunday,29
2020-03-30,50633,58451,Social Media,15.440522979084786,March,Monday,30
2020-03-31,40089,79573,Print Advertising,98.4908578413031,March,Tuesday,31
2020-04-01,40112,132679,TV,230.77134024730753,April,Wednesday,1
2020-04-02,94563,103387,Radio,9.331345240738978,April,Thursday,2
2020-04-03,62450,138941,Radio,122.48358686949558,April,Friday,3
2020-04-04,62562,104421,Print Advertising,66.90802723698091,April,Saturday,4
2020-04-05,24033,27992,Social Media,16.473182707111057,April,Sunday,5
2020-04-06,95239,32566,Print Advertising,-65.80602484276399,April,Monday,6
2020-04-07,89148,100716,Radio,12.976174451473954,April,Tuesday,7
2020-04-08,90479,32022,Social Media,-64.60836216138551,April,Wednesday,8
2020-04-09,61640,24255,TV,-60.6505515898767,April,Thursday,9
2020-04-10,41235,22822,Radio,-44.65381350794228,April,Friday,10
2020-04-11,24192,96250,Print Advertising,297.8587962962963,April,Saturday,11
2020-04-12,61638,48222,Print Advertising,-21.76579382848243,April,Sunday,12
2020-04-13,66154,66901,Social Media,1.1291834205036733,April,Monday,13
2020-04-14,75531,81137,Social Media,7.4221180707259276,April,Tuesday,14
2020-04-15,88566,91740,Social Media,3.5837680373958403,April,Wednesday,15
2020-04-16,55677,108021,TV,94.01368608222425,April,Thursday,16
2020-04-17,24260,30398,TV,25.300906842539163,April,Friday,17
2020-04-18,61604,57868,TV,-6.0645412635543146,April,Saturday,18
2020-04-19,99525,94499,Radio,-5.0499874403416225,April,Sunday,19
2020-04-20,51425,67188,TV,30.6524064171123,April,Monday,20
2020-04-21,79159,86477,Print Advertising,9.244684748417741,April,Tuesday,21
2020-04-22,35464,61966,Print Advertising,74.72930295510942,April,Wednesday,22
2020-04-23,26218,43011,TV,64.05141505835685,April,Thursday,23
2020-04-24,96036,124512,Social Media,29.651380732225412,April,Friday,24
2020-04-25,28171,22058,Radio,-21.699620176777536,April,Saturday,25
2020-04-26,80186,116465,Radio,45.24355872596214,April,Sunday,26
2020-04-27,65094,103872,Print Advertising,59.57231081205641,April,Monday,27
2020-04-28,47199,23824,TV,-49.524354329540884,April,Tuesday,28
2020-04-29,49937,84434,Print Advertising,69.08104211306247,April,Wednesday,29
2020-04-30,83077,15526,TV,-81.31131360063556,April,Thursday,30
2020-05-01,66905,109273,Radio,63.325610940886335,May,Friday,1
2020-05-02,46044,78668,TV,70.85396577187039,May,Saturday,2
2020-05-03,53479,121163,Social Media,126.5618280072552,May,Sunday,3
2020-05-04,87640,40711,TV,-53.54746691008672,May,Monday,4
2020-05-05,61467,88992,Radio,44.78012592122602,May,Tuesday,5
2020-05-06,36841,137561,Radio,273.39105887462335,May,Wednesday,6
2020-05-07,94360,41315,Print Advertising,-56.21555743959304,May,Thursday,7
2020-05-08,56507,91725,Radio,62.32502167873007,May,Friday,8
2020-05-09,43216,15048,TV,-65.1795631247686,May,Saturday,9
2020-05-10,76545,33453,TV,-56.2962962962963,May,Sunday,10
2020-05-11,91638,137658,Social Media,50.219341321285924,May,Monday,11
2020-05-12,95701,38081,Radio,-60.20835727944327,May,Tuesday,12
2020-05-13,65832,36889,Radio,-43.96494106209746,May,Wednesday,13
2020-05-14,67024,56820,Social Media,-15.224397230842685,May,Thursday,14
2020-05-15,30657,55819,Print Advertising,82.0758717421796,May,Friday,15
2020-05-16,53483,107697,TV,101.36678944711403,May,Saturday,16
2020-05-17,27129,58699,Social Media,116.36993623060195,May,Sunday,17
2020-05-18,38566,107119,Radio,177.75501737281542,May,Monday,18
2020-05-19,96402,73356,Radio,-23.906143026078297,May,Tuesday,19
2020-05-20,36859,83821,Radio,127.40985919314143,May,Wednesday,20
2020-05-21,54432,18081,Print Advertising,-66.7824074074074,May,Thursday,21
2020-05-22,98538,56442,TV,-42.720574803629056,May,Friday,22
2020-05-23,76514,126697,Radio,65.58669001751313,May,Saturday,23
2020-05-24,37840,90641,Print Advertising,139.53752642706132,May,Sunday,24
2020-05-25,41649,66375,TV,59.36757185046459,May,Monday,25
2020-05-26,41398,92050,TV,122.3537368955022,May,Tuesday,26
2020-05-27,73590,26832,Print Advertising,-63.53852425601304,May,Wednesday,27
2020-05-28,76833,111456,Print Advertising,45.06266838467845,May,Thursday,28
2020-05-29,89774,51514,Print Advertising,-42.6181299708156,May,Friday,29
2020-05-30,55138,67640,TV,22.674017918676775,May,Saturday,30
2020-05-31,42130,129452,TV,207.26798006171373,May,Sunday,31
2020-06-01,36729,65443,Social Media,78.17800647989327,June,Monday,1
2020-06-02,33461,67875,Radio,102.84809180837394,June,Tuesday,2
2020-06-03,80390,120710,Radio,50.15549197661401,June,Wednesday,3
2020-06-04,58237,36742,Radio,-36.90952487250374,June,Thursday,4
2020-06-05,23138,122680,Radio,430.2100440833262,June,Friday,5
2020-06-06,53424,76180,Radio,42.59508834980533,June,Saturday,6
2020-06-07,70873,120143,Print Advertising,69.5187165775401,June,Sunday,7
2020-06-08,36843,98169,Radio,166.45224330266265,June,Monday,8
2020-06-09,23333,101410,Radio,334.620494578494,June,Tuesday,9
2020-06-10,42350,107529,Print Advertising,153.9055489964581,June,Wednesday,10
2020-06-11,49054,97836,Radio,99.44550903086395,June,Thursday,11
2020-06-12,45595,139343,TV,205.61026428336442,June,Friday,12
2020-06-13,64761,46488,Radio,-28.216055959605317,June,Saturday,13
2020-06-14,86272,114970,Print Advertising,33.26455860534125,June,Sunday,14
2020-06-15,76838,116586,Radio,51.72961295192483,June,Monday,15
2020-06-16,50245,68031,TV,35.39854711911633,June,Tuesday,16
2020-06-17,50477,58472,Print Advertising,15.838896923351228,June,Wednesday,17
2020-06-18,35772,48642,Social Media,35.97785977859779,June,Thursday,18
2020-06-19,85436,127753,TV,49.53064282035676,June,Friday,19
2020-06-20,73639,114071,Social Media,54.90568856176754,June,Saturday,20
2020-06-21,85284,63021,Social Media,-26.104544814971153,June,Sunday,21
2020-06-22,92853,103635,TV,11.611902684889017,June,Monday,22
2020-06-23,55015,32467,Radio,-40.985185858402254,June,Tuesday,23
2020-06-24,60217,87000,Social Media,44.477473138814624,June,Wednesday,24
2020-06-25,29015,81356,Social Media,180.39290022402207,June,Thursday,25
2020-06-26,68349,103998,TV,52.15731027520519,June,Friday,26
2020-06-27,99927,30776,Radio,-69.20151710748847,June,Saturday,27
2020-06-28,55456,134593,Social Media,142.70232256203116,June,Sunday,28
2020-06-29,85775,126662,Print Advertising,47.66773535412416,June,Monday,29
2020-06-30,93711,120003,Print Advertising,28.056471492140734,June,Tuesday,30
2020-07-01,94317,86336,Radio,-8.461889161020812,July,Wednesday,1
2020-07-02,33807,43952,TV,30.008578105126155,July,Thursday,2
2020-07-03,99445,42220,TV,-57.54437126049575,July,Friday,3
2020-07-04,82300,43063,TV,-47.67557715674362,July,Saturday,4
2020-07-05,96272,23110,Print Advertising,-75.9950972245305,July,Sunday,5
2020-07-06,71246,11623,Radio,-83.68610167588356,July,Monday,6
2020-07-07,54064,90681,Social Media,67.72898786623261,July,Tuesday,7
2020-07-08,81622,17877,Radio,-78.09781676508784,July,Wednesday,8
2020-07-09,71226,72759,Social Media,2.152303933956701,July,Thursday,9
2020-07-10,73547,127771,TV,73.72700450052348,July,Friday,10
2020-07-11,60265,26869,TV,-55.415249315523106,July,Saturday,11
2020-07-12,49731,53071,Radio,6.716132794434055,July,Sunday,12
2020-07-13,39810,130347,Social Media,227.42275810097965,July,Monday,13
2020-07-14,98820,71171,Radio,-27.979154017405385,July,Tuesday,14
2020-07-15,71600,54310,Print Advertising,-24.14804469273743,July,Wednesday,15
2020-07-16,79631,46563,Radio,-41.52654117115194,July,Thursday,16
2020-07-17,46534,89729,Social Media,92.8246013667426,July,Friday,17
2020-07-18,75051,35854,Social Media,-52.227152203168515,July,Saturday,18
2020-07-19,93810,63494,Print Advertising,-32.316384180790955,July,Sunday,19
2020-07-20,59271,30371,Social Media,-48.75908960537193,July,Monday,20
2020-07-21,97502,54307,Radio,-44.30165535065947,July,Tuesday,21
2020-07-22,69292,67613,Social Media,-2.42307914333545,July,Wednesday,22
2020-07-23,82473,13747,Print Advertising,-83.33151455627903,July,Thursday,23
2020-07-24,66194,26988,Social Media,-59.22893313593377,July,Friday,24
2020-07-25,44219,125181,Social Media,183.09324046224472,July,Saturday,25
2020-07-26,80354,108161,Print Advertising,34.60562013092068,July,Sunday,26
2020-07-27,33762,26294,Print Advertising,-22.119542681120787,July,Monday,27
2020-07-28,62783,10296,TV,-83.60065622859692,July,Tuesday,28
2020-07-29,22973,64163,Social Media,179.29743612066338,July,Wednesday,29
2020-07-30,68101,20090,TV,-70.49969897652016,July,Thursday,30
2020-07-31,56825,87298,TV,53.62604487461504,July,Friday,31
2020-08-01,54041,58017,Radio,7.3573768064987695,August,Saturday,1
2020-08-02,92326,45768,Print Advertising,-50.42783181335702,August,Sunday,2
2020-08-03,29385,50247,TV,70.99540581929556,August,Monday,3
2020-08-04,71616,30436,TV,-57.50111706881144,August,Tuesday,4
2020-08-05,76354,123404,Radio,61.62087120517589,August,Wednesday,5
2020-08-06,85411,138302,Print Advertising,61.9252789453349,August,Thursday,6
2020-08-07,34911,56133,Social Media,60.78886310904872,August,Friday,7
2020-08-08,24480,78030,Print Advertising,218.75,August,Saturday,8
2020-08-09,46890,28016,Radio,-40.25165280443591,August,Sunday,9
2020-08-10,81129,31501,TV,-61.17171418358417,August,Monday,10
2020-08-11,20654,122257,Radio,491.9289241793357,August,Tuesday,11
2020-08-12,63158,100256,TV,58.738402102663166,August,Wednesday,12
2020-08-13,90623,73425,Social Media,-18.977522262560278,August,Thursday,13
2020-08-14,43656,46768,Radio,7.1284588601795855,August,Friday,14
2020-08-15,92018,10078,Radio,-89.0477949966311,August,Saturday,15
2020-08-16,82646,91428,Social Media,10.626043607676113,August,Sunday,16
2020-08-17,86269,104144,TV,20.720073259224055,August,Monday,17
2020-08-18,67303,75140,Print Advertising,11.644354635008842,August,Tuesday,18
2020-08-19,85739,35481,Radio,-58.617431973780896,August,Wednesday,19
2020-08-20,99028,31154,Radio,-68.54021084945671,August,Thursday,20
2020-08-21,93879,69756,TV,-25.69584252069153,August,Friday,21
2020-08-22,53746,104704,Radio,94.812637219514,August,Saturday,22
2020-08-23,37926,77209,TV,103.578020355429,August,Sunday,23
2020-08-24,27434,137711,Print Advertising,401.9720055405701,August,Monday,24
2020-08-25,78020,43059,Radio,-44.81030504998718,August,Tuesday,25
2020-08-26,81325,83492,Social Media,2.664617276360283,August,Wednesday,26
2020-08-27,56641,51288,Radio,-9.450751222612595,August,Thursday,27
2020-08-28,77768,57619,TV,-25.909114288653427,August,Friday,28
2020-08-29,31684,28161,TV,-11.11917687160712,August,Saturday,29
2020-08-30,85811,112547,TV,31.156844693570758,August,Sunday,30
2020-08-31,43768,45999,Print Advertising,5.097331383659295,August,Monday,31
2020-09-01,25876,106711,Radio,312.39372391405163,September,Tuesday,1
2020-09-02,89101,111918,Radio,25.608017867364,September,Wednesday,2
2020-09-03,74385,137046,TV,84.23875781407541,September,Thursday,3
2020-09-04,79450,37581,Radio,-52.69855254877282,September,Friday,4
2020-09-05,95844,129141,Print Advertising,34.74082884687618,September,Saturday,5
2020-09-06,23600,98966,TV,319.3474576271187,September,Sunday,6
2020-09-07,50909,20371,Radio,-59.985464259757606,September,Monday,7
2020-09-08,94456,61807,Print Advertising,-34.56530024561701,September,Tuesday,8
2020-09-09,29637,137750,TV,364.7906333299592,September,Wednesday,9
2020-09-10,48210,91748,Print Advertising,90.30906450943787,September,Thursday,10
2020-09-11,48531,135782,Radio,179.78405555212132,September,Friday,11
2020-09-12,31855,18086,Radio,-43.22398367603202,September,Saturday,12
2020-09-13,93245,73857,Social Media,-20.792535792803903,September,Sunday,13
2020-09-14,49520,112378,Social Media,126.93457189014539,September,Monday,14
2020-09-15,30415,39764,Social Media,30.73812263685681,September,Tuesday,15
2020-09-16,73585,77233,Social Media,4.9575321057280695,September,Wednesday,16
2020-09-17,75433,62035,Print Advertising,-17.76145718717272,September,Thursday,17
2020-09-18,94791,79120,TV,-16.532160226181812,September,Friday,18
2020-09-19,70326,92944,Radio,32.161647185962515,September,Saturday,19
2020-09-20,98281,81574,Social Media,-16.999216532188317,September,Sunday,20
2020-09-21,82443,40290,Print Advertising,-51.12987154761471,September,Monday,21
2020-09-22,37047,42739,Radio,15.364267012173723,September,Tuesday,22
2020-09-23,99483,78952,Radio,-20.637696892936482,September,Wednesday,23
2020-09-24,85237,117254,TV,37.562326219834105,September,Thursday,24
2020-09-25,28637,26461,TV,-7.5985613018123415,September,Friday,25
2020-09-26,76046,127229,Social Media,67.3053152039555,September,Saturday,26
2020-09-27,71604,76991,TV,7.5233227194011505,September,Sunday,27
2020-09-28,27333,84472,Social Media,209.0476713130648,September,Monday,28
2020-09-29,99715,91706,Radio,-8.031890889033747,September,Tuesday,29
2020-09-30,53361,102016,Radio,91.18082494705871,September,Wednesday,30
2020-10-01,88196,127056,Radio,44.060955145358065,October,Thursday,1
2020-10-02,99384,85469,Print Advertising,-14.001247685744184,October,Friday,2
2020-10-03,99092,58075,Social Media,-41.392847051225125,October,Saturday,3
2020-10-04,21373,97145,Social Media,354.5220605436766,October,Sunday,4
2020-10-05,70883,72459,Radio,2.223382193191598,October,Monday,5
2020-10-06,52514,94131,TV,79.24934303233422,October,Tuesday,6
2020-10-07,23209,89137,Print Advertising,284.0622172433108,October,Wednesday,7
2020-10-08,34956,22470,Print Advertising,-35.71918983865431,October,Thursday,8
2020-10-09,53696,43547,Social Media,-18.900849225268175,October,Friday,9
2020-10-10,54513,39557,Print Advertising,-27.435657549575332,October,Saturday,10
2020-10-11,76803,21514,TV,-71.98807338255017,October,Sunday,11
2020-10-12,45997,63466,TV,37.978563819379524,October,Monday,12
2020-10-13,41168,32598,TV,-20.817139525845317,October,Tuesday,13
2020-10-14,93119,67078,Social Media,-27.965291723493596,October,Wednesday,14
2020-10-15,81379,95579,Print Advertising,17.449219086004987,October,Thursday,15
2020-10-16,47338,106874,TV,125.76788203979889,October,Friday,16
2020-10-17,33884,79617,TV,134.9693070475741,October,Saturday,17
2020-10-18,20069,20688,Radio,3.08435896158254,October,Sunday,18
2020-10-19,74812,46169,Social Media,-38.28663850719136,October,Monday,19
2020-10-20,62405,74583,Radio,19.514461982212964,October,Tuesday,20
2020-10-21,49761,129618,TV,160.4810996563574,October,Wednesday,21
2020-10-22,40452,35174,Radio,-13.047562543261149,October,Thursday,22
2020-10-23,49381,22644,Radio,-54.14430651465138,October,Friday,23
2020-10-24,70665,121441,Print Advertising,71.8545248708696,October,Saturday,24
2020-10-25,87714,113646,TV,29.56426568164717,October,Sunday,25
2020-10-26,57143,62128,TV,8.723728190679523,October,Monday,26
2020-10-27,83419,106630,Radio,27.82459631498819,October,Tuesday,27
2020-10-28,38712,88315,Print Advertising,128.13339532961356,October,Wednesday,28
2020-10-29,36509,16825,Print Advertising,-53.91547289709386,October,Thursday,29
2020-10-30,82463,58151,Print Advertising,-29.482313279895227,October,Friday,30
2020-10-31,38880,21680,Print Advertising,-44.23868312757202,October,Saturday,31
2020-11-01,61246,55744,Print Advertising,-8.983443816739053,November,Sunday,1
2020-11-02,85915,17275,Radio,-79.89291741837863,November,Monday,2
2020-11-03,64500,53350,TV,-17.286821705426355,November,Tuesday,3
2020-11-04,49309,113112,TV,129.3942282341966,November,Wednesday,4
2020-11-05,88063,30975,Radio,-64.82631752268263,November,Thursday,5
2020-11-06,43075,80483,Radio,86.8438769587928,November,Friday,6
2020-11-07,46780,81326,Social Media,73.84779820436084,November,Saturday,7
2020-11-08,71179,62125,Radio,-12.720043833153035,November,Sunday,8
2020-11-09,88794,84345,Print Advertising,-5.010473680654099,November,Monday,9
2020-11-10,63665,71997,TV,13.087253593025997,November,Tuesday,10
2020-11-11,95574,89299,Radio,-6.565593152949548,November,Wednesday,11
2020-11-12,64692,40320,TV,-37.67390094602114,November,Thursday,12
2020-11-13,61273,21478,TV,-64.94704029507287,November,Friday,13
2020-11-14,36490,105417,Print Advertising,188.89284735543984,November,Saturday,14
2020-11-15,82032,30457,Print Advertising,-62.871806124439246,November,Sunday,15
2020-11-16,26640,91150,Social Media,242.15465465465465,November,Monday,16
2020-11-17,52370,27436,Radio,-47.61122780217682,November,Tuesday,17
2020-11-18,65345,50151,Print Advertising,-23.25197031142398,November,Wednesday,18
2020-11-19,21690,52813,Social Media,143.4900875979714,November,Thursday,19
2020-11-20,49460,133204,Print Advertising,169.31661949049737,November,Friday,20
2020-11-21,61809,88198,Social Media,42.694429613810286,November,Saturday,21
2020-11-22,37463,80876,Radio,115.88233723940955,November,Sunday,22
2020-11-23,20268,40202,TV,98.35208209986185,November,Monday,23
2020-11-24,26531,75876,Radio,185.9899739926878,November,Tuesday,24
2020-11-25,79681,41713,Social Media,-47.65000439251516,November,Wednesday,25
2020-11-26,74349,32240,TV,-56.63694198980483,November,Thursday,26
2020-11-27,47046,10926,Radio,-76.77592143859202,November,Friday,27
2020-11-28,98659,114582,Social Media,16.139429752987564,November,Saturday,28
2020-11-29,73882,118790,Print Advertising,60.783411385723184,November,Sunday,29
2020-11-30,45750,136851,Radio,199.12786885245902,November,Monday,30
2020-12-01,36140,24073,TV,-33.3895960154953,December,Tuesday,1
2020-12-02,24150,123143,Print Advertising,409.9089026915114,December,Wednesday,2
2020-12-03,46694,14921,TV,-68.04514498650789,December,Thursday,3
2020-12-04,60315,27376,Social Media,-54.611622316173424,December,Friday,4
2020-12-05,49049,123889,Social Media,152.58211176578524,December,Saturday,5
2020-12-06,51228,46215,TV,-9.785664089950808,December,Sunday,6
2020-12-07,84340,116313,TV,37.90965141095566,December,Monday,7
2020-12-08,91927,87988,Print Advertising,-4.2849217313738075,December,Tuesday,8
2020-12-09,84765,46786,Social Media,-44.805049253819384,December,Wednesday,9
2020-12-10,44889,59637,Print Advertising,32.854374122836326,December,Thursday,10
2020-12-11,94626,22000,Radio,-76.7505759516412,December,Friday,11
2020-12-12,45000,121289,Social Media,169.53111111111113,December,Saturday,12
2020-12-13,79377,26415,Radio,-66.7220983408292,December,Sunday,13
2020-12-14,68973,88195,Radio,27.86887622692938,December,Monday,14
2020-12-15,37404,41739,Print Advertising,11.58966955405839,December,Tuesday,15
2020-12-16,24373,99281,Radio,307.34008944323637,December,Wednesday,16
2020-12-17,72928,39132,Social Media,-46.341597191750765,December,Thursday,17
2020-12-18,72808,84438,Radio,15.973519393473246,December,Friday,18
2020-12-19,38271,36047,Social Media,-5.811188628465418,December,Saturday,19
2020-12-20,23028,80560,Print Advertising,249.83498349834986,December,Sunday,20
2020-12-21,91865,120499,Radio,31.16965111848909,December,Monday,21
2020-12-22,47666,109527,Radio,129.78013678512986,December,Tuesday,22
2020-12-23,27618,90525,Print Advertising,227.77536389311317,December,Wednesday,23
2020-12-24,64406,53083,TV,-17.580660186939102,December,Thursday,24
2020-12-25,43694,112488,TV,157.44495811781937,December,Friday,25
2020-12-26,28414,96736,Radio,240.45188991342297,December,Saturday,26
2020-12-27,87375,108321,Print Advertising,23.972532188841203,December,Sunday,27
2020-12-28,21404,23718,Social Media,10.811063352644364,December,Monday,28
2020-12-29,35183,36955,Social Media,5.036523320922036,December,Tuesday,29
2020-12-30,79470,128903,TV,62.20334717503461,December,Wednesday,30
2020-12-31,31857,130945,TV,311.0399598204476,December,Thursday,31
2021-01-01,36921,20543,Print Advertising,-44.35957855962731,January,Friday,1
2021-01-02,32643,126375,Radio,287.14272585240326,January,Saturday,2
2021-01-03,46744,59952,Radio,28.256032859832274,January,Sunday,3
2021-01-04,33363,12760,Print Advertising,-61.75403890537422,January,Monday,4
2021-01-05,26400,75513,TV,186.0340909090909,January,Tuesday,5
2021-01-06,84138,38811,TV,-53.87220994081152,January,Wednesday,6
2021-01-07,99020,24800,Radio,-74.95455463542719,January,Thursday,7
2021-01-08,35335,107378,Social Media,203.88566577048252,January,Friday,8
2021-01-09,98467,95087,Radio,-3.4326220967430707,January,Saturday,9
2021-01-10,69296,98758,Social Media,42.51616254906488,January,Sunday,10
2021-01-11,93869,64918,Print Advertising,-30.841917992095368,January,Monday,11
2021-01-12,26929,87288,Social Media,224.14126035129414,January,Tuesday,12
2021-01-13,46209,53190,Print Advertising,15.107446601311434,January,Wednesday,13
2021-01-14,49016,33535,TV,-31.583564550350907,January,Thursday,14
2021-01-15,75371,82045,Radio,8.854864603096683,January,Friday,15
2021-01-16,29647,40358,Radio,36.12844469929504,January,Saturday,16
2021-01-17,45618,21561,TV,-52.73576219913192,January,Sunday,17
2021-01-18,78493,69889,Radio,-10.961487011580651,January,Monday,18
2021-01-19,21563,121105,TV,461.63335342948574,January,Tuesday,19
2021-01-20,22491,108006,TV,380.218754168334,January,Wednesday,20
2021-01-21,30374,59129,TV,94.66978336735366,January,Thursday,21
2021-01-22,44382,55693,Print Advertising,25.48555720787707,January,Friday,22
2021-01-23,25475,95201,TV,273.7036310107949,January,Saturday,23
2021-01-24,47197,55773,Radio,18.170646439392335,January,Sunday,24
2021-01-25,29712,139452,Social Media,369.34571890145395,January,Monday,25
2021-01-26,61774,125256,Radio,102.76491727911419,January,Tuesday,26
2021-01-27,72797,42358,TV,-41.81353627209913,January,Wednesday,27
2021-01-28,22088,95904,Social Media,334.1905106845346,January,Thursday,28
2021-01-29,76374,20996,Print Advertising,-72.50896902087098,January,Friday,29
2021-01-30,33863,40775,Radio,20.411658742580396,January,Saturday,30
2021-01-31,98791,13533,Radio,-86.30138372928708,January,Sunday,31
2021-02-01,52958,35547,Radio,-32.87699686544054,February,Monday,1
2021-02-02,64031,52306,TV,-18.311442894847808,February,Tuesday,2
2021-02-03,28615,31658,Print Advertising,10.634282718853747,February,Wednesday,3
2021-02-04,79221,89175,Radio,12.56485022910592,February,Thursday,4
2021-02-05,61899,21136,Print Advertising,-65.8540525695084,February,Friday,5
2021-02-06,28781,121796,TV,323.1819603210451,February,Saturday,6
2021-02-07,99558,69759,Social Media,-29.931296329777616,February,Sunday,7
2021-02-08,90371,39060,TV,-56.778169988159924,February,Monday,8
2021-02-09,40556,66244,TV,63.33957984022093,February,Tuesday,9
2021-02-10,69414,25717,Print Advertising,-62.951277840205144,February,Wednesday,10
2021-02-11,89944,53395,Social Media,-40.63528417682114,February,Thursday,11
2021-02-12,22781,63355,Radio,178.1045608182257,February,Friday,12
2021-02-13,92637,49514,Radio,-46.55051437330656,February,Saturday,13
2021-02-14,71361,79374,Print Advertising,11.228822466052886,February,Sunday,14
2021-02-15,93945,115951,Social Media,23.42434403108202,February,Monday,15
2021-02-16,56171,50038,TV,-10.918445461181037,February,Tuesday,16
2021-02-17,26798,87142,Radio,225.18098365549668,February,Wednesday,17
2021-02-18,72121,22774,TV,-68.4225121670526,February,Thursday,18
2021-02-19,88823,19206,Print Advertising,-78.3772221158934,February,Friday,19
2021-02-20,75429,66702,Print Advertising,-11.56982062601917,February,Saturday,20
2021-02-21,56233,109890,TV,95.4190599825725,February,Sunday,21
2021-02-22,91006,25762,Social Media,-71.69197635320748,February,Monday,22
2021-02-23,81420,116531,Radio,43.12331122574306,February,Tuesday,23
2021-02-24,83309,10048,TV,-87.93887815242051,February,Wednesday,24
2021-02-25,51031,126595,Social Media,148.07469969234387,February,Thursday,25
2021-02-26,29454,95848,Radio,225.4159027636314,February,Friday,26
2021-02-27,35503,63962,Social Media,80.15942314733965,February,Saturday,27
2021-02-28,86190,29562,Print Advertising,-65.70135746606334,February,Sunday,28
2021-03-01,22603,38115,TV,68.62805822235987,March,Monday,1
2021-03-02,42877,94730,Print Advertising,120.93430044079577,March,Tuesday,2
2021-03-03,28835,63589,Social Media,120.52713715970175,March,Wednesday,3
2021-03-04,94930,50677,Radio,-46.616454229432215,March,Thursday,4
2021-03-05,75969,121798,Print Advertising,60.3259224157222,March,Friday,5
2021-03-06,88965,99633,Radio,11.991232507165739,March,Saturday,6
2021-03-07,42189,125128,Social Media,196.5891583114082,March,Sunday,7
2021-03-08,46754,113854,Print Advertising,143.51713222398084,March,Monday,8
2021-03-09,25628,22048,Radio,-13.969096300920869,March,Tuesday,9
2021-03-10,24569,93069,Radio,278.80662623631406,March,Wednesday,10
2021-03-11,36779,87987,Print Advertising,139.23162674352213,March,Thursday,11
2021-03-12,67669,45206,Print Advertising,-33.195407054929134,March,Friday,12
2021-03-13,61357,86462,Print Advertising,40.916276871424614,March,Saturday,13
2021-03-14,57658,23835,TV,-58.661417322834644,March,Sunday,14
2021-03-15,80327,64286,Radio,-19.96962416124093,March,Monday,15
2021-03-16,67365,49397,TV,-26.672604468195647,March,Tuesday,16
2021-03-17,90774,101734,Print Advertising,12.073941877630158,March,Wednesday,17
2021-03-18,93098,78576,Radio,-15.598616511632905,March,Thursday,18
2021-03-19,72015,120402,TV,67.19016871485107,March,Friday,19
2021-03-20,35066,92684,Radio,164.31300975303714,March,Saturday,20
2021-03-21,74394,32555,Print Advertising,-56.23975051751485,March,Sunday,21
2021-03-22,97238,30309,Radio,-68.83008700302351,March,Monday,22
2021-03-23,92167,99155,TV,7.581889396421712,March,Tuesday,23
2021-03-24,54229,24417,Print Advertising,-54.97427575651405,March,Wednesday,24
2021-03-25,72905,113579,TV,55.79041218023455,March,Thursday,25
2021-03-26,23326,11775,Radio,-49.51984909542999,March,Friday,26
2021-03-27,71965,25195,TV,-64.98992565830612,March,Saturday,27
2021-03-28,76455,99546,TV,30.202079654698842,March,Sunday,28
2021-03-29,31022,57169,Social Media,84.28534588356649,March,Monday,29
2021-03-30,23598,132994,Social Media,463.5816594626664,March,Tuesday,30
2021-03-31,98652,90609,Radio,-8.1529011069213,March,Wednesday,31
2021-04-01,95173,36520,Radio,-61.62777258256018,April,Thursday,1
2021-04-02,33346,77757,Print Advertising,133.18239069153722,April,Friday,2
2021-04-03,54740,10307,Radio,-81.17099013518451,April,Saturday,3
2021-04-04,40243,115794,Social Media,187.7369977387372,April,Sunday,4
2021-04-05,79868,35921,TV,-55.02454049181149,April,Monday,5
2021-04-06,60507,49343,TV,-18.450757763564546,April,Tuesday,6
2021-04-07,45680,122837,Radio,168.90761821366024,April,Wednesday,7
2021-04-08,94981,37915,Radio,-60.08148998220697,April,Thursday,8
2021-04-09,55035,32221,Print Advertising,-41.45362042336695,April,Friday,9
2021-04-10,65821,133066,Radio,102.16344327798119,April,Saturday,10
2021-04-11,57371,94776,Radio,65.19844520750901,April,Sunday,11
2021-04-12,73109,131740,TV,80.19669260966502,April,Monday,12
2021-04-13,40029,29235,Radio,-26.965450048714683,April,Tuesday,13
2021-04-14,95308,115817,TV,21.518655307004657,April,Wednesday,14
2021-04-15,25546,83518,Social Media,226.93180928521096,April,Thursday,15
2021-04-16,58678,101141,TV,72.36613381505845,April,Friday,16
2021-04-17,85738,43462,Radio,-49.30835802094754,April,Saturday,17
2021-04-18,60007,113048,TV,88.39135434199343,April,Sunday,18
2021-04-19,48241,125605,TV,160.36980991272983,April,Monday,19
2021-04-20,25957,90266,Radio,247.7520514697384,April,Tuesday,20
2021-04-21,83530,22754,Radio,-72.75948760924219,April,Wednesday,21
2021-04-22,40645,17082,TV,-57.97269036781893,April,Thursday,22
2021-04-23,53822,20737,TV,-61.47114562818179,April,Friday,23
2021-04-24,80299,61038,Radio,-23.986600082192805,April,Saturday,24
2021-04-25,87890,35471,Social Media,-59.64159745135965,April,Sunday,25
2021-04-26,71630,134790,Print Advertising,88.17534552561776,April,Monday,26
2021-04-27,93579,70799,TV,-24.343068423471077,April,Tuesday,27
2021-04-28,37809,27648,TV,-26.87455367769579,April,Wednesday,28
2021-04-29,29662,36805,TV,24.081316162092914,April,Thursday,29
2021-04-30,99039,45423,Social Media,-54.13624935631418,April,Friday,30
2021-05-01,55556,31174,Radio,-43.887248902008785,May,Saturday,1
2021-05-02,92583,97971,Print Advertising,5.8196429150059945,May,Sunday,2
2021-05-03,45212,137407,Social Media,203.91710165442802,May,Monday,3
2021-05-04,63873,115241,TV,80.42208758004165,May,Tuesday,4
2021-05-05,77352,61559,Radio,-20.417054504085222,May,Wednesday,5
2021-05-06,52717,85637,Radio,62.44664908852931,May,Thursday,6
2021-05-07,50387,16684,Social Media,-66.88828467660309,May,Friday,7
2021-05-08,61881,93015,Print Advertising,50.312696950598735,May,Saturday,8
2021-05-09,85946,137007,TV,59.410560119144584,May,Sunday,9
2021-05-10,96311,50282,Print Advertising,-47.79204867564453,May,Monday,10
2021-05-11,69175,61340,Radio,-11.326346223346585,May,Tuesday,11
2021-05-12,76207,20338,Social Media,-73.31216292466571,May,Wednesday,12
2021-05-13,80473,122872,TV,52.68723671293477,May,Thursday,13
2021-05-14,44148,80780,TV,82.97544622632962,May,Friday,14
2021-05-15,86491,99172,Print Advertising,14.661641095605324,May,Saturday,15
2021-05-16,30391,14183,Social Media,-53.33157842782402,May,Sunday,16
2021-05-17,27151,132162,TV,386.76660159846784,May,Monday,17
2021-05-18,44973,103194,TV,129.45767460476284,May,Tuesday,18
2021-05-19,97938,82344,Social Media,-15.922318201311034,May,Wednesday,19
2021-05-20,42698,39759,Radio,-6.883226380626726,May,Thursday,20
2021-05-21,55736,65024,Social Media,16.664274436629825,May,Friday,21
2021-05-22,34883,17108,Print Advertising,-50.9560530917639,May,Saturday,22
2021-05-23,44083,67875,Social Media,53.9709184946578,May,Sunday,23
2021-05-24,35229,132156,Radio,275.1341224559312,May,Monday,24
2021-05-25,38737,95736,Print Advertising,147.1435578387588,May,Tuesday,25
2021-05-26,40501,99549,Print Advertising,145.79393101404904,May,Wednesday,26
2021-05-27,72072,52646,Print Advertising,-26.953601953601954,May,Thursday,27
2021-05-28,23937,35561,TV,48.56080544763337,May,Friday,28
2021-05-29,28963,40126,Print Advertising,38.54227807892829,May,Saturday,29
2021-05-30,90572,21685,Radio,-76.05772203329948,May,Sunday,30
2021-05-31,55884,45952,Social Media,-17.772528809677187,May,Monday,31
2021-06-01,38855,79783,Radio,105.3352206923176,June,Tuesday,1
2021-06-02,62466,13676,Print Advertising,-78.1064899305222,June,Wednesday,2
2021-06-03,50540,124548,Social Media,146.4345073209339,June,Thursday,3
2021-06-04,82237,85103,TV,3.485049308705327,June,Friday,4
2021-06-05,72319,125134,TV,73.03060053374631,June,Saturday,5
2021-06-06,92758,121133,Print Advertising,30.59035339269928,June,Sunday,6
2021-06-07,36066,90744,Print Advertising,151.6053901181168,June,Monday,7
2021-06-08,73489,76642,TV,4.290438024738396,June,Tuesday,8
2021-06-09,75162,10575,Radio,-85.93039035682925,June,Wednesday,9
2021-06-10,63501,15033,TV,-76.32635706524307,June,Thursday,10
2021-06-11,74070,104522,Social Media,41.1124611853652,June,Friday,11
2021-06-12,59852,92634,Radio,54.77177036690504,June,Saturday,12
2021-06-13,99477,24212,Social Media,-75.66070548971119,June,Sunday,13
2021-06-14,33683,38972,TV,15.702283050797138,June,Monday,14
2021-06-15,39873,86002,Radio,115.68981516314298,June,Tuesday,15
2021-06-16,34021,42455,Radio,24.790570529966786,June,Wednesday,16
2021-06-17,38244,90137,Print Advertising,135.68925844576927,June,Thursday,17
2021-06-18,75129,20048,Print Advertising,-73.3152311357798,June,Friday,18
2021-06-19,68795,128435,TV,86.69234682753107,June,Saturday,19
2021-06-20,61958,44508,Social Media,-28.164240291810582,June,Sunday,20
2021-06-21,82730,63081,Radio,-23.750755469599905,June,Monday,21
2021-06-22,77705,85205,Print Advertising,9.651888552860175,June,Tuesday,22
2021-06-23,72590,98499,Radio,35.692244110759056,June,Wednesday,23
2021-06-24,63605,98272,Social Media,54.503576762833106,June,Thursday,24
2021-06-25,73727,13888,Radio,-81.16293895045234,June,Friday,25
2021-06-26,81564,94135,Radio,15.412436859398754,June,Saturday,26
2021-06-27,57832,130040,Radio,124.85820998755015,June,Sunday,27
2021-06-28,53988,122633,Social Media,127.14862562050826,June,Monday,28
2021-06-29,82750,106304,Radio,28.46404833836858,June,Tuesday,29
2021-06-30,60244,43720,Social Media,-27.42845760573667,June,Wednesday,30
2021-07-01,29317,75423,TV,157.26711464338098,July,Thursday,1
2021-07-02,41364,32140,Print Advertising,-22.29958417947974,July,Friday,2
2021-07-03,21556,42469,Radio,97.01707181295231,July,Saturday,3
2021-07-04,91300,11001,Print Advertising,-87.95071193866374,July,Sunday,4
2021-07-05,95759,29298,Social Media,-69.40444240228074,July,Monday,5
2021-07-06,45340,51974,Social Media,14.63167181296868,July,Tuesday,6
2021-07-07,25347,79591,Radio,214.00560224089637,July,Wednesday,7
2021-07-08,96764,59504,Print Advertising,-38.50605597122897,July,Thursday,8
2021-07-09,54753,98834,TV,80.50883056636165,July,Friday,9
2021-07-10,98704,86375,Print Advertising,-12.490881828497326,July,Saturday,10
2021-07-11,27647,109948,Radio,297.6851014576627,July,Sunday,11
2021-07-12,77246,28440,Print Advertising,-63.18255961473733,July,Monday,12
2021-07-13,34089,57691,Print Advertising,69.23641057232538,July,Tuesday,13
2021-07-14,41788,49088,Radio,17.469129893749404,July,Wednesday,14
2021-07-15,53177,43699,Social Media,-17.823495120070707,July,Thursday,15
2021-07-16,77052,53247,Social Media,-30.89472044852827,July,Friday,16
2021-07-17,97575,15294,Social Media,-84.32590315142198,July,Saturday,17
2021-07-18,58184,115758,Print Advertising,98.95160181493195,July,Sunday,18
2021-07-19,57556,26457,Social Media,-54.03259434290083,July,Monday,19
2021-07-20,89984,105269,Radio,16.986353129445234,July,Tuesday,20
2021-07-21,40759,73708,Print Advertising,80.83858779656026,July,Wednesday,21
2021-07-22,50906,33624,TV,-33.948846894275725,July,Thursday,22
2021-07-23,38844,12672,Print Advertising,-67.37720111214087,July,Friday,23
2021-07-24,93957,133365,TV,41.9425907596028,July,Saturday,24
2021-07-25,46352,38071,Radio,-17.865464273386262,July,Sunday,25
2021-07-26,54801,82570,Radio,50.67243298479954,July,Monday,26
2021-07-27,69037,101021,Print Advertising,46.32878021930269,July,Tuesday,27
2021-07-28,37690,67314,Social Media,78.59909790395331,July,Wednesday,28
2021-07-29,26954,44646,Radio,65.63775320917118,July,Thursday,29
2021-07-30,49149,135357,Social Media,175.40133064762253,July,Friday,30
2021-07-31,27553,62934,TV,128.41069937937792,July,Saturday,31
2021-08-01,87273,123443,Social Media,41.444662152097436,August,Sunday,1
2021-08-02,80353,133971,Print Advertising,66.72806242455167,August,Monday,2
2021-08-03,32722,122698,Radio,274.9709675447711,August,Tuesday,3
2021-08-04,39091,108233,Radio,176.87447238494792,August,Wednesday,4
2021-08-05,32472,20666,Print Advertising,-36.357477211135745,August,Thursday,5
2021-08-06,44072,51957,TV,17.891178072245417,August,Friday,6
2021-08-07,65943,48079,Print Advertising,-27.09006262984699,August,Saturday,7
2021-08-08,83305,53083,Print Advertising,-36.27873476982174,August,Sunday,8
2021-08-09,29168,33090,Radio,13.446242457487658,August,Monday,9
2021-08-10,83003,106087,Radio,27.811042974350325,August,Tuesday,10
2021-08-11,67012,28205,Print Advertising,-57.91052348833045,August,Wednesday,11
2021-08-12,64419,80467,Social Media,24.91190487278598,August,Thursday,12
2021-08-13,54533,23241,Social Media,-57.38176883721783,August,Friday,13
2021-08-14,38889,59229,Radio,52.30270770654941,August,Saturday,14
2021-08-15,33319,126273,TV,278.9819622437648,August,Sunday,15
2021-08-16,84683,15268,Social Media,-81.97040728363426,August,Monday,16
2021-08-17,76518,75007,Social Media,-1.9746987636895894,August,Tuesday,17
2021-08-18,31170,101171,Print Advertising,224.57811998716716,August,Wednesday,18
2021-08-19,64530,71255,TV,10.421509375484272,August,Thursday,19
2021-08-20,67264,76617,Social Media,13.904911988582302,August,Friday,20
2021-08-21,47984,33914,TV,-29.322274091363788,August,Saturday,21
2021-08-22,32637,58674,Print Advertising,79.77755308392315,August,Sunday,22
2021-08-23,97492,128512,Print Advertising,31.817995322693143,August,Monday,23
2021-08-24,66535,84462,Social Media,26.94371383482378,August,Tuesday,24
2021-08-25,81585,126893,Radio,55.53471839186125,August,Wednesday,25
2021-08-26,34365,36724,TV,6.8645424123381344,August,Thursday,26
2021-08-27,36924,70220,TV,90.174412306359,August,Friday,27
2021-08-28,96028,108149,TV,12.62236014495772,August,Saturday,28
2021-08-29,52106,112298,Print Advertising,115.5183664069397,August,Sunday,29
2021-08-30,57034,111773,Radio,95.97608444085985,August,Monday,30
2021-08-31,23832,23109,TV,-3.0337361530715,August,Tuesday,31
2021-09-01,36996,127130,TV,243.63174397232132,September,Wednesday,1
2021-09-02,85939,74930,Radio,-12.810249130196999,September,Thursday,2
2021-09-03,36288,30960,Social Media,-14.682539682539684,September,Friday,3
2021-09-04,47326,80489,Social Media,70.07353251912268,September,Saturday,4
2021-09-05,96377,70862,Radio,-26.4741587723212,September,Sunday,5
2021-09-06,93827,104475,Print Advertising,11.348545727775587,September,Monday,6
2021-09-07,67960,98478,TV,44.905826957033554,September,Tuesday,7
2021-09-08,78728,29459,Social Media,-62.581292551569966,September,Wednesday,8
2021-09-09,97775,43522,Radio,-55.4875990795193,September,Thursday,9
2021-09-10,39521,29937,Social Media,-24.250398522304597,September,Friday,10
2021-09-11,72975,89524,Radio,22.67762932511134,September,Saturday,11
2021-09-12,45729,103547,Radio,126.43617835509195,September,Sunday,12
2021-09-13,42542,58060,Print Advertising,36.47689342297024,September,Monday,13
2021-09-14,75475,85704,Radio,13.552832063597217,September,Tuesday,14
2021-09-15,49982,63143,Print Advertising,26.33147933255972,September,Wednesday,15
2021-09-16,64941,91075,Print Advertising,40.242681818881756,September,Thursday,16
2021-09-17,61214,10552,Radio,-82.7621132420688,September,Friday,17
2021-09-18,56023,57052,Radio,1.8367456223336842,September,Saturday,18
2021-09-19,22774,129076,Radio,466.7691226837622,September,Sunday,19
2021-09-20,87421,37347,Print Advertising,-57.27914345523387,September,Monday,20
2021-09-21,24239,122715,Social Media,406.27088576261394,September,Tuesday,21
2021-09-22,66898,83112,TV,24.236897964064696,September,Wednesday,22
2021-09-23,62657,107488,Print Advertising,71.54986673476228,September,Thursday,23
2021-09-24,35120,47101,Print Advertising,34.11446469248291,September,Friday,24
2021-09-25,77269,69681,Print Advertising,-9.820238387969301,September,Saturday,25
2021-09-26,44640,112735,TV,152.54256272401435,September,Sunday,26
2021-09-27,24362,126634,TV,419.8013299400707,September,Monday,27
2021-09-28,43666,72743,Radio,66.5895662529199,September,Tuesday,28
2021-09-29,40415,40702,Radio,0.7101323765928492,September,Wednesday,29
2021-09-30,68016,19012,Print Advertising,-72.04775346977182,September,Thursday,30
2021-10-01,57440,128854,Social Media,124.32799442896936,October,Friday,1
2021-10-02,43025,99951,Print Advertising,132.30912260313772,October,Saturday,2
2021-10-03,26384,90947,TV,244.70512431776834,October,Sunday,3
2021-10-04,80680,41039,TV,-49.13361427863163,October,Monday,4
2021-10-05,63504,124951,Social Media,96.76083396321492,October,Tuesday,5
2021-10-06,26493,128700,Radio,385.78869890159666,October,Wednesday,6
2021-10-07,49101,85668,Print Advertising,74.47302498930776,October,Thursday,7
2021-10-08,96745,11581,Print Advertising,-88.0293555222492,October,Friday,8
2021-10-09,67785,70267,Social Media,3.661577045068968,October,Saturday,9
2021-10-10,43276,75486,TV,74.42924484702837,October,Sunday,10
2021-10-11,28113,31799,Print Advertising,13.111371963148722,October,Monday,11
2021-10-12,67661,120175,Social Media,77.61339619574052,October,Tuesday,12
2021-10-13,92713,129388,TV,39.55755934982149,October,Wednesday,13
2021-10-14,53288,47746,Radio,-10.40009007656508,October,Thursday,14
2021-10-15,89630,52417,Social Media,-41.51846479973223,October,Friday,15
2021-10-16,59977,14330,Print Advertising,-76.1075078780199,October,Saturday,16
2021-10-17,44579,128458,TV,188.15810134816843,October,Sunday,17
2021-10-18,22007,17530,Social Media,-20.343527059571954,October,Monday,18
2021-10-19,56912,109424,Social Media,92.26876581388811,October,Tuesday,19
2021-10-20,54307,97275,Print Advertising,79.12055536118733,October,Wednesday,20
2021-10-21,49383,105692,TV,114.0250693558512,October,Thursday,21
2021-10-22,58279,122495,Social Media,110.1872029375933,October,Friday,22
2021-10-23,94990,24355,Radio,-74.36045899568376,October,Saturday,23
2021-10-24,79573,15896,TV,-80.02337476279642,October,Sunday,24
2021-10-25,54841,131134,TV,139.1167192429022,October,Monday,25
2021-10-26,85671,53788,Social Media,-37.215627225081995,October,Tuesday,26
2021-10-27,90736,117850,Print Advertising,29.88229589137718,October,Wednesday,27
2021-10-28,35915,77411,Radio,115.53946818877907,October,Thursday,28
2021-10-29,48450,61239,Radio,26.39628482972136,October,Friday,29
2021-10-30,55535,11888,Print Advertising,-78.59367966147475,October,Saturday,30
2021-10-31,64395,74816,Print Advertising,16.18293345756658,October,Sunday,31
2021-11-01,29886,79952,Print Advertising,167.52325503580272,November,Monday,1
2021-11-02,27958,111977,TV,300.5186350955004,November,Tuesday,2
2021-11-03,30853,63109,Print Advertising,104.54736978575826,November,Wednesday,3
2021-11-04,57389,42464,Social Media,-26.006726027635956,November,Thursday,4
2021-11-05,51779,13384,TV,-74.15168311477626,November,Friday,5
2021-11-06,68785,109314,Social Media,58.92127644108454,November,Saturday,6
2021-11-07,44761,111439,Social Media,148.9645003462836,November,Sunday,7
2021-11-08,45031,95053,Radio,111.0834758277631,November,Monday,8
2021-11-09,74151,113188,Radio,52.645277878922734,November,Tuesday,9
2021-11-10,56790,40882,Radio,-28.01197393907378,November,Wednesday,10
2021-11-11,88648,67555,Radio,-23.79410703005144,November,Thursday,11
2021-11-12,81176,76513,TV,-5.744308662658914,November,Friday,12
2021-11-13,71472,109811,Social Media,53.64198567271099,November,Saturday,13
2021-11-14,98950,43912,Social Media,-55.622031328954016,November,Sunday,14
2021-11-15,38474,38195,Radio,-0.725165046524926,November,Monday,15
2021-11-16,33021,66314,Print Advertising,100.82371823990795,November,Tuesday,16
2021-11-17,37053,132489,Print Advertising,257.5661889725528,November,Wednesday,17
2021-11-18,44968,103824,Radio,130.88418430884184,November,Thursday,18
2021-11-19,46784,80228,Social Media,71.4859781121751,November,Friday,19
2021-11-20,60851,96394,TV,58.409886443936834,November,Saturday,20
2021-11-21,24453,130367,Social Media,433.1329489224226,November,Sunday,21
2021-11-22,25138,24401,TV,-2.9318163736176306,November,Monday,22
2021-11-23,72950,57053,Social Media,-21.791638108293352,November,Tuesday,23
2021-11-24,40342,12221,Social Media,-69.7065093450994,November,Wednesday,24
2021-11-25,91803,135107,Radio,47.170571767807154,November,Thursday,25
2021-11-26,85799,27789,Print Advertising,-67.61151062366693,November,Friday,26
2021-11-27,26780,50792,Print Advertising,89.663928304705,November,Saturday,27
2021-11-28,46134,101125,Radio,119.19842198812157,November,Sunday,28
2021-11-29,32350,59298,TV,83.30139103554869,November,Monday,29
2021-11-30,78950,55549,Radio,-29.64027865737809,November,Tuesday,30
2021-12-01,94702,42550,Print Advertising,-55.06958670355431,December,Wednesday,1
2021-12-02,29899,94315,Print Advertising,215.44533261982005,December,Thursday,2
2021-12-03,92929,45688,Print Advertising,-50.835584155645705,December,Friday,3
2021-12-04,59476,21849,Print Advertising,-63.264173784383615,December,Saturday,4
2021-12-05,64780,61349,TV,-5.296387774004322,December,Sunday,5
2021-12-06,55606,80818,Social Media,45.34043088875301,December,Monday,6
2021-12-07,59454,95098,Print Advertising,59.95223197766341,December,Tuesday,7
2021-12-08,97401,117239,Radio,20.367347357830003,December,Wednesday,8
2021-12-09,63893,59300,Print Advertising,-7.1885809087067445,December,Thursday,9
2021-12-10,77249,131736,Radio,70.53424639801162,December,Friday,10
2021-12-11,64305,109173,Social Media,69.77373454630278,December,Saturday,11
2021-12-12,21300,90897,Social Media,326.7464788732394,December,Sunday,12
2021-12-13,22782,19108,Social Media,-16.12676674567641,December,Monday,13
2021-12-14,87954,54978,Social Media,-37.49232553380176,December,Tuesday,14
2021-12-15,90205,114205,TV,26.60606396541212,December,Wednesday,15
2021-12-16,21174,116225,Print Advertising,448.90431661471615,December,Thursday,16
2021-12-17,66010,109748,Radio,66.25965762763218,December,Friday,17
2021-12-18,77796,124093,Radio,59.51077176204432,December,Saturday,18
2021-12-19,92488,105597,TV,14.173730646137878,December,Sunday,19
2021-12-20,40262,131565,TV,226.77214246684215,December,Monday,20
2021-12-21,26911,101188,Radio,276.0098101148229,December,Tuesday,21
2021-12-22,27213,28652,Radio,5.28791386469702,December,Wednesday,22
2021-12-23,71329,70078,Radio,-1.75384485973447,December,Thursday,23
2021-12-24,80785,133335,Print Advertising,65.04920467908646,December,Friday,24
2021-12-25,38257,133655,Social Media,249.36090127296967,December,Saturday,25
2021-12-26,21464,48243,TV,124.76239284383152,December,Sunday,26
2021-12-27,29745,103141,Print Advertising,246.75071440578247,December,Monday,27
2021-12-28,22460,62677,Social Media,179.0605520926091,December,Tuesday,28
2021-12-29,73263,121270,Print Advertising,65.5269371988589,December,Wednesday,29
2021-12-30,87315,113170,Social Media,29.6111779190288,December,Thursday,30
2021-12-31,71141,59061,Print Advertising,-16.980362941201278,December,Friday,31
2022-01-01,57853,48871,Radio,-15.525556150934264,January,Saturday,1
2022-01-02,29552,60757,Radio,105.59353004872767,January,Sunday,2
2022-01-03,25407,102986,Radio,305.34498366591885,January,Monday,3
2022-01-04,49814,35355,Radio,-29.02597663307504,January,Tuesday,4
2022-01-05,77995,20440,TV,-73.7931918712738,January,Wednesday,5
2022-01-06,77058,34886,Radio,-54.72760777596096,January,Thursday,6
2022-01-07,79044,43023,Print Advertising,-45.5708213147108,January,Friday,7
2022-01-08,20934,126805,Print Advertising,505.7370784369924,January,Saturday,8
2022-01-09,66106,66005,TV,-0.15278492118718423,January,Sunday,9
2022-01-10,41550,131864,Social Media,217.3622141997593,January,Monday,10
2022-01-11,84535,123157,Social Media,45.687585023954576,January,Tuesday,11
2022-01-12,34511,136067,Social Media,294.271391730173,January,Wednesday,12
2022-01-13,95105,115199,Social Media,21.12822669680879,January,Thursday,13
2022-01-14,79091,39783,Social Media,-49.69971298883564,January,Friday,14
2022-01-15,59618,11340,Radio,-80.97889899023785,January,Saturday,15
2022-01-16,26955,129353,Print Advertising,379.884993507698,January,Sunday,16
2022-01-17,59830,130421,Radio,117.9859602206251,January,Monday,17
2022-01-18,51375,34749,Social Media,-32.36204379562044,January,Tuesday,18
2022-01-19,37346,118243,Radio,216.61489851657473,January,Wednesday,19
2022-01-20,95521,61350,TV,-35.77328545555428,January,Thursday,20
2022-01-21,55306,129277,Social Media,133.74859870538458,January,Friday,21
2022-01-22,22987,130666,Radio,468.4343324487754,January,Saturday,22
2022-01-23,72602,74042,TV,1.9834164348089582,January,Sunday,23
2022-01-24,77572,93204,Radio,20.151601093177952,January,Monday,24
2022-01-25,96188,79569,TV,-17.27762298831455,January,Tuesday,25
2022-01-26,87520,36614,TV,-58.16499085923218,January,Wednesday,26
2022-01-27,68446,14317,Social Media,-79.08278058615551,January,Thursday,27
2022-01-28,79637,120031,Radio,50.72265404271884,January,Friday,28
2022-01-29,99723,41368,Print Advertising,-58.51709234579786,January,Saturday,29
2022-01-30,52494,15529,Radio,-70.4175715319846,January,Sunday,30
2022-01-31,46300,108368,Social Media,134.0561555075594,January,Monday,31
2022-02-01,94421,82274,Social Media,-12.864722890035054,February,Tuesday,1
2022-02-02,41933,64937,TV,54.85894164500513,February,Wednesday,2
2022-02-03,51376,108915,TV,111.99587355963874,February,Thursday,3
2022-02-04,43644,94360,TV,116.20383099624232,February,Friday,4
2022-02-05,51001,108032,Social Media,111.82329758240034,February,Saturday,5
2022-02-06,29115,11059,Print Advertising,-62.01614288167612,February,Sunday,6
2022-02-07,27049,21150,TV,-21.80856963288846,February,Monday,7
2022-02-08,98784,21054,Social Media,-78.68683187560738,February,Tuesday,8
2022-02-09,40620,85675,Print Advertising,110.918266863614,February,Wednesday,9
2022-02-10,77994,90769,TV,16.37946508705798,February,Thursday,10
2022-02-11,81085,31365,TV,-61.31836961213541,February,Friday,11
2022-02-12,90434,28084,Radio,-68.94530818055156,February,Saturday,12
2022-02-13,62991,125336,Social Media,98.97445666841294,February,Sunday,13
2022-02-14,67845,98013,TV,44.46606234799911,February,Monday,14
2022-02-15,52635,62239,Print Advertising,18.2464139830911,February,Tuesday,15
2022-02-16,89002,60924,Print Advertising,-31.54760567178266,February,Wednesday,16
2022-02-17,58010,77488,TV,33.57696948801931,February,Thursday,17
2022-02-18,21107,87438,Print Advertising,314.26067181503765,February,Friday,18
2022-02-19,63373,133159,Social Media,110.11945150142806,February,Saturday,19
2022-02-20,24954,48843,TV,95.7321471507574,February,Sunday,20
2022-02-21,23795,122771,Social Media,415.9529312880857,February,Monday,21
2022-02-22,75558,71254,Print Advertising,-5.696286296619816,February,Tuesday,22
2022-02-23,78775,66623,Radio,-15.426213900349095,February,Wednesday,23
2022-02-24,25745,51131,Print Advertising,98.6055544765974,February,Thursday,24
2022-02-25,55011,13070,Social Media,-76.24111541328098,February,Friday,25
2022-02-26,82346,137701,Radio,67.22245160663542,February,Saturday,26
2022-02-27,39488,121526,Print Advertising,207.75425445705022,February,Sunday,27
2022-02-28,84588,133533,Social Media,57.86281742091077,February,Monday,28
2022-03-01,89546,26558,Radio,-70.34150045786524,March,Tuesday,1
2022-03-02,49604,91564,TV,84.58995242319169,March,Wednesday,2
2022-03-03,47285,130888,Print Advertising,176.8065982869832,March,Thursday,3
2022-03-04,25735,34994,TV,35.97823975131144,March,Friday,4
2022-03-05,77506,137324,Print Advertising,77.1785410161794,March,Saturday,5
2022-03-06,60512,104141,Print Advertising,72.09974881015336,March,Sunday,6
2022-03-07,28473,35429,Print Advertising,24.430161907772273,March,Monday,7
2022-03-08,35228,124081,Social Media,252.2226637901669,March,Tuesday,8
2022-03-09,61384,90138,TV,46.84282549198488,March,Wednesday,9
2022-03-10,72446,118755,TV,63.92209369737459,March,Thursday,10
2022-03-11,24062,17747,Print Advertising,-26.244701188596125,March,Friday,11
2022-03-12,49403,26030,Print Advertising,-47.310892051090015,March,Saturday,12
2022-03-13,60716,129155,Social Media,112.71987614467356,March,Sunday,13
2022-03-14,42471,125478,Print Advertising,195.44394998940453,March,Monday,14
2022-03-15,80499,59824,TV,-25.683548863961043,March,Tuesday,15
2022-03-16,94151,42674,Social Media,-54.67493706917611,March,Wednesday,16
2022-03-17,52823,38058,Social Media,-27.95183916097155,March,Thursday,17
2022-03-18,60491,119285,Social Media,97.19462399365196,March,Friday,18
2022-03-19,77437,94183,Radio,21.62532122886992,March,Saturday,19
2022-03-20,22896,117260,Radio,412.14185883997203,March,Sunday,20
2022-03-21,34150,131486,Print Advertising,285.02489019033675,March,Monday,21
2022-03-22,58254,127993,Print Advertising,119.71538435128919,March,Tuesday,22
2022-03-23,41795,14118,TV,-66.22083981337481,March,Wednesday,23
2022-03-24,55176,72746,TV,31.843555168914023,March,Thursday,24
2022-03-25,35149,48305,Print Advertising,37.42922985006686,March,Friday,25
2022-03-26,86244,114849,Print Advertising,33.167524697370254,March,Saturday,26
2022-03-27,51892,65454,Radio,26.13504971864642,March,Sunday,27
2022-03-28,47691,60740,Social Media,27.36155668784467,March,Monday,28
2022-03-29,25002,82678,Social Media,230.6855451563875,March,Tuesday,29
2022-03-30,81268,23667,Print Advertising,-70.87783629472855,March,Wednesday,30
2022-03-31,70669,61575,Radio,-12.868443023107728,March,Thursday,31
2022-04-01,92967,81182,Radio,-12.676541138253357,April,Friday,1
2022-04-02,37514,47870,Print Advertising,27.605693874286935,April,Saturday,2
2022-04-03,20529,113523,Radio,452.988455355838,April,Sunday,3
2022-04-04,64784,118714,Radio,83.24586317609285,April,Monday,4
2022-04-05,99337,42088,Radio,-57.631094154242625,April,Tuesday,5
2022-04-06,61904,23793,Print Advertising,-61.564680796071336,April,Wednesday,6
2022-04-07,43505,47443,Print Advertising,9.051833122629581,April,Thursday,7
2022-04-08,97818,38891,TV,-60.24146885031385,April,Friday,8
2022-04-09,78114,95469,Social Media,22.217528227974498,April,Saturday,9
2022-04-10,20967,34039,Print Advertising,62.34559069013211,April,Sunday,10
2022-04-11,91617,76910,TV,-16.05269764345045,April,Monday,11
2022-04-12,94638,28160,Social Media,-70.24451066167924,April,Tuesday,12
2022-04-13,58449,137528,Print Advertising,135.29572789953633,April,Wednesday,13
2022-04-14,77930,115946,Social Media,48.78224047221866,April,Thursday,14
2022-04-15,78066,80140,Radio,2.6567263597468807,April,Friday,15
2022-04-16,67710,115316,Social Media,70.30866932506277,April,Saturday,16
2022-04-17,79789,35625,TV,-55.35098823146048,April,Sunday,17
2022-04-18,46259,54520,TV,17.8581465228388,April,Monday,18
2022-04-19,88638,46476,TV,-47.56650646449604,April,Tuesday,19
2022-04-20,48068,39292,Print Advertising,-18.257468586169594,April,Wednesday,20
2022-04-21,28018,35774,TV,27.68220429723749,April,Thursday,21
2022-04-22,41260,101395,Print Advertising,145.74648570043627,April,Friday,22
2022-04-23,94469,126803,TV,34.22710095375203,April,Saturday,23
2022-04-24,62062,51862,TV,-16.435177725500306,April,Sunday,24
2022-04-25,76830,90516,Print Advertising,17.813354158531823,April,Monday,25
2022-04-26,65098,60566,Social Media,-6.9618114227779655,April,Tuesday,26
2022-04-27,24222,37050,Print Advertising,52.96011890017339,April,Wednesday,27
2022-04-28,44548,28896,Social Media,-35.13513513513514,April,Thursday,28
2022-04-29,58487,132718,Radio,126.91880246892471,April,Friday,29
2022-04-30,83539,125500,TV,50.22923424987131,April,Saturday,30
2022-05-01,32855,49238,Social Media,49.86455638411201,May,Sunday,1
2022-05-02,40058,29274,Print Advertising,-26.920964601328073,May,Monday,2
2022-05-03,65388,128841,Radio,97.04074142044412,May,Tuesday,3
2022-05-04,62373,134877,Radio,116.24260497330576,May,Wednesday,4
2022-05-05,71221,61498,Print Advertising,-13.651872341023013,May,Thursday,5
2022-05-06,30678,112397,Social Media,266.3765564899928,May,Friday,6
2022-05-07,20956,10909,Radio,-47.943309791945026,May,Saturday,7
2022-05-08,51568,101408,Social Media,96.64908470369221,May,Sunday,8
2022-05-09,36333,132766,TV,265.4143615996477,May,Monday,9
2022-05-10,48343,89757,Radio,85.66700453012845,May,Tuesday,10
2022-05-11,49662,112516,Radio,126.56356973138416,May,Wednesday,11
2022-05-12,32964,62232,Radio,88.78776847469967,May,Thursday,12
2022-05-13,45898,128648,Social Media,180.2910802213604,May,Friday,13
2022-05-14,80615,69093,Radio,-14.292625441915277,May,Saturday,14
2022-05-15,90321,123444,Print Advertising,36.67253462649882,May,Sunday,15
2022-05-16,61988,79783,Radio,28.707169129508937,May,Monday,16
2022-05-17,84360,112349,Radio,33.17804646752015,May,Tuesday,17
2022-05-18,71256,64521,Social Media,-9.451835634893904,May,Wednesday,18
2022-05-19,90647,83877,Social Media,-7.4685317771134185,May,Thursday,19
2022-05-20,68235,43851,Radio,-35.735326445372614,May,Friday,20
2022-05-21,95259,54268,Radio,-43.03110467252438,May,Saturday,21
2022-05-22,33364,91134,Social Media,173.15070135475364,May,Sunday,22
2022-05-23,54360,95781,TV,76.19757174392936,May,Monday,23
2022-05-24,30891,99654,Print Advertising,222.59881518888997,May,Tuesday,24
2022-05-25,21251,58539,Social Media,175.4646840148699,May,Wednesday,25
2022-05-26,46770,111364,Print Advertising,138.1098995082318,May,Thursday,26
2022-05-27,96676,54611,TV,-43.51131614878563,May,Friday,27
2022-05-28,47670,126199,Radio,164.7346339416824,May,Saturday,28
2022-05-29,35393,109141,Print Advertising,208.3688865029808,May,Sunday,29
2022-05-30,38778,131951,TV,240.27283511269277,May,Monday,30
2022-05-31,89705,10750,Social Media,-88.01627556992364,May,Tuesday,31
2022-06-01,25585,79620,Radio,211.19796755911668,June,Wednesday,1
2022-06-02,27711,53400,Print Advertising,92.70325863375555,June,Thursday,2
2022-06-03,73619,122572,TV,66.4950624159524,June,Friday,3
2022-06-04,52077,103437,Radio,98.62319258021776,June,Saturday,4
2022-06-05,84153,127758,TV,51.81633453352822,June,Sunday,5
2022-06-06,88925,45952,Social Media,-48.32499297160528,June,Monday,6
2022-06-07,63290,107520,TV,69.88465792384262,June,Tuesday,7
2022-06-08,39095,79344,TV,102.95178411561581,June,Wednesday,8
2022-06-09,93366,38441,TV,-58.82762461709831,June,Thursday,9
2022-06-10,67889,50069,Print Advertising,-26.24872954381417,June,Friday,10
2022-06-11,38168,55441,Radio,45.25518759169985,June,Saturday,11
2022-06-12,59691,102830,Print Advertising,72.2705265450403,June,Sunday,12
2022-06-13,57426,65265,Social Media,13.650611221397973,June,Monday,13
2022-06-14,37714,29420,Print Advertising,-21.991833271464177,June,Tuesday,14
2022-06-15,29977,94362,Social Media,214.78133235480533,June,Wednesday,15
2022-06-16,93886,30748,TV,-67.24964318428732,June,Thursday,16
2022-06-17,41373,84293,TV,103.73915355425036,June,Friday,17
2022-06-18,69796,104248,Radio,49.360994899421165,June,Saturday,18
2022-06-19,93929,74657,Radio,-20.517625014638714,June,Sunday,19
2022-06-20,61625,94715,Radio,53.69574036511157,June,Monday,20
2022-06-21,21125,83530,Radio,295.40828402366867,June,Tuesday,21
2022-06-22,51356,74211,Print Advertising,44.50307656359529,June,Wednesday,22
2022-06-23,86762,96611,Social Media,11.351743850994675,June,Thursday,23
2022-06-24,48684,23542,Radio,-51.643250349190694,June,Friday,24
2022-06-25,25309,15564,Print Advertising,-38.5040894543443,June,Saturday,25
2022-06-26,71533,102074,Radio,42.694979939328704,June,Sunday,26
2022-06-27,99866,127295,Print Advertising,27.46580417759798,June,Monday,27
2022-06-28,71983,51839,Radio,-27.984385202061596,June,Tuesday,28
2022-06-29,64111,32668,Social Media,-49.04462572725429,June,Wednesday,29
2022-06-30,91058,74550,Radio,-18.129104526785124,June,Thursday,30
2022-07-01,55703,129885,Social Media,133.17415579053193,July,Friday,1
2022-07-02,75918,49278,Radio,-35.090492373350195,July,Saturday,2
2022-07-03,50510,107338,Social Media,112.50841417541082,July,Sunday,3
2022-07-04,74239,27432,Social Media,-63.04907124287773,July,Monday,4
2022-07-05,70825,60892,TV,-14.024708789269324,July,Tuesday,5
2022-07-06,99193,101708,Social Media,2.535461171655258,July,Wednesday,6
2022-07-07,42514,113921,Print Advertising,167.96114221197723,July,Thursday,7
2022-07-08,41208,121947,TV,195.9304018637158,July,Friday,8
2022-07-09,27993,62376,Social Media,122.82713535526739,July,Saturday,9
2022-07-10,41774,100030,Social Media,139.45516349882703,July,Sunday,10
2022-07-11,70922,119952,Social Media,69.13228617354277,July,Monday,11
2022-07-12,70518,74202,TV,5.224198077086701,July,Tuesday,12
2022-07-13,71688,129677,Radio,80.89080459770115,July,Wednesday,13
2022-07-14,76960,89994,Radio,16.936070686070686,July,Thursday,14
2022-07-15,64532,67979,TV,5.341535982148391,July,Friday,15
2022-07-16,85247,81870,Radio,-3.961429727732354,July,Saturday,16
2022-07-17,55553,121154,Radio,118.08723201267259,July,Sunday,17
2022-07-18,50170,134299,Social Media,167.6878612716763,July,Monday,18
2022-07-19,38726,60769,Print Advertising,56.92041522491349,July,Tuesday,19
2022-07-20,42552,106198,Social Media,149.57228802406468,July,Wednesday,20
2022-07-21,61199,34894,TV,-42.98272847595549,July,Thursday,21
2022-07-22,78099,51325,Print Advertising,-34.282129092562,July,Friday,22
2022-07-23,64148,107394,Social Media,67.41597555652554,July,Saturday,23
2022-07-24,53887,44714,TV,-17.022658526175142,July,Sunday,24
2022-07-25,53599,110332,Print Advertising,105.84712401350771,July,Monday,25
2022-07-26,77244,73766,TV,-4.5026150898451665,July,Tuesday,26
2022-07-27,64587,133673,Radio,106.9657980708192,July,Wednesday,27
2022-07-28,94492,33944,TV,-64.07738221225078,July,Thursday,28
2022-07-29,25379,79799,Print Advertising,214.42925253162062,July,Friday,29
2022-07-30,45085,94627,Social Media,109.88577132083842,July,Saturday,30
2022-07-31,84983,25073,Social Media,-70.4964522316228,July,Sunday,31
2022-08-01,71280,39340,Social Media,-44.809203142536475,August,Monday,1
2022-08-02,67921,56222,TV,-17.22442249083494,August,Tuesday,2
2022-08-03,20008,122262,TV,511.0655737704918,August,Wednesday,3
2022-08-04,22401,135558,Radio,505.14262756126953,August,Thursday,4
2022-08-05,35929,79627,TV,121.62320131370204,August,Friday,5
2022-08-06,51915,91101,Print Advertising,75.48107483386305,August,Saturday,6
2022-08-07,78062,136091,TV,74.33706540954626,August,Sunday,7
2022-08-08,28110,59385,TV,111.25933831376736,August,Monday,8
2022-08-09,58912,106602,TV,80.95124932102118,August,Tuesday,9
2022-08-10,85423,37000,Social Media,-56.68613839364106,August,Wednesday,10
2022-08-11,94593,107529,TV,13.675430528686055,August,Thursday,11
2022-08-12,76172,10638,Radio,-86.03423830278842,August,Friday,12
2022-08-13,54344,84292,Social Media,55.10819961725305,August,Saturday,13
2022-08-14,63103,103751,Print Advertising,64.41532098315452,August,Sunday,14
2022-08-15,20615,72284,Print Advertising,250.63788503516858,August,Monday,15
2022-08-16,31535,27954,Social Media,-11.355636594260346,August,Tuesday,16
2022-08-17,31392,115496,Social Media,267.9153924566769,August,Wednesday,17
2022-08-18,93658,47500,Radio,-49.28356360374981,August,Thursday,18
2022-08-19,75174,30498,Radio,-59.430122116689276,August,Friday,19
2022-08-20,38495,56891,Radio,47.78802441875568,August,Saturday,20
2022-08-21,60233,20171,TV,-66.51171284843856,August,Sunday,21
2022-08-22,77191,26747,Radio,-65.34958738713063,August,Monday,22
2022-08-23,39096,102869,Social Media,163.11898915490076,August,Tuesday,23
2022-08-24,79556,132249,Radio,66.23384785559857,August,Wednesday,24
2022-08-25,50359,95717,Social Media,90.0693024087055,August,Thursday,25
2022-08-26,95098,104926,Radio,10.334602199835958,August,Friday,26
2022-08-27,63121,86405,Radio,36.88788200440424,August,Saturday,27
2022-08-28,93958,136459,Print Advertising,45.23404074160795,August,Sunday,28
2022-08-29,68443,87559,Radio,27.92981020703359,August,Monday,29
2022-08-30,85291,26897,Radio,-68.46443352757032,August,Tuesday,30
2022-08-31,49633,62697,Print Advertising,26.321197590312895,August,Wednesday,31
2022-09-01,67694,135245,Social Media,99.78875528111797,September,Thursday,1
2022-09-02,80221,26123,Radio,-67.43620747684521,September,Friday,2
2022-09-03,81175,121780,Social Media,50.02155836156452,September,Saturday,3
2022-09-04,22237,10562,Print Advertising,-52.502585780456,September,Sunday,4
2022-09-05,90106,56017,TV,-37.83210884957717,September,Monday,5
2022-09-06,35640,84502,Print Advertising,137.09876543209876,September,Tuesday,6
2022-09-07,89833,135501,Social Media,50.83655226921064,September,Wednesday,7
2022-09-08,21874,21301,Social Media,-2.6195483222090155,September,Thursday,8
2022-09-09,59205,72948,Radio,23.212566506207246,September,Friday,9
2022-09-10,57972,56783,Radio,-2.0509901331677365,September,Saturday,10
2022-09-11,97437,66128,Print Advertising,-32.13255744737625,September,Sunday,11
2022-09-12,27264,90989,Social Media,233.7331279342723,September,Monday,12
2022-09-13,53853,53730,Social Media,-0.22839953205949529,September,Tuesday,13
2022-09-14,65399,77333,TV,18.247985443202495,September,Wednesday,14
2022-09-15,48125,126591,Social Media,163.04623376623377,September,Thursday,15
2022-09-16,59068,79912,TV,35.28814247985373,September,Friday,16
2022-09-17,34604,94403,TV,172.80950179170037,September,Saturday,17
2022-09-18,95670,53128,Print Advertising,-44.467440158879484,September,Sunday,18
2022-09-19,63145,20677,Radio,-67.25473117428142,September,Monday,19
2022-09-20,60001,67806,TV,13.008116531391142,September,Tuesday,20
2022-09-21,57501,125648,Social Media,118.5144606180762,September,Wednesday,21
2022-09-22,34083,135867,TV,298.635683478567,September,Thursday,22
2022-09-23,93595,46816,Social Media,-49.98023398685827,September,Friday,23
2022-09-24,59226,76113,Print Advertising,28.512815317597003,September,Saturday,24
2022-09-25,65612,108333,Radio,65.1115649576297,September,Sunday,25
2022-09-26,69381,136915,Radio,97.3378878943803,September,Monday,26
2022-09-27,32069,45129,TV,40.72468739280926,September,Tuesday,27
2022-09-28,80902,90551,Print Advertising,11.926775605053027,September,Wednesday,28
2022-09-29,71657,86521,Social Media,20.743263044782783,September,Thursday,29
2022-09-30,47606,59892,Social Media,25.80767130193673,September,Friday,30
2022-10-01,61043,89851,Social Media,47.19296233802402,October,Saturday,1
2022-10-02,59444,112176,Print Advertising,88.70870062579908,October,Sunday,2
2022-10-03,56133,131838,Print Advertising,134.86719042274598,October,Monday,3
2022-10-04,35447,66371,Radio,87.24010494541146,October,Tuesday,4
2022-10-05,47224,83008,Print Advertising,75.77502964594274,October,Wednesday,5
2022-10-06,59995,86148,Radio,43.59196599716643,October,Thursday,6
2022-10-07,20638,17142,TV,-16.93962593274542,October,Friday,7
2022-10-08,89393,57694,Radio,-35.46027093844037,October,Saturday,8
2022-10-09,64153,16963,TV,-73.55852415319627,October,Sunday,9
2022-10-10,42811,96397,Social Media,125.16876503702319,October,Monday,10
2022-10-11,83882,120244,Radio,43.348990248205816,October,Tuesday,11
2022-10-12,35204,70822,Radio,101.17600272696285,October,Wednesday,12
2022-10-13,29628,79085,Radio,166.92655596057784,October,Thursday,13
2022-10-14,24934,44688,Radio,79.22515440763615,October,Friday,14
2022-10-15,40321,26482,TV,-34.32206542496466,October,Saturday,15
2022-10-16,68232,126416,TV,85.27377183726111,October,Sunday,16
2022-10-17,36889,47813,Social Media,29.613163815771635,October,Monday,17
2022-10-18,82634,103278,Social Media,24.982452743422805,October,Tuesday,18
2022-10-19,98655,10498,Radio,-89.35887689422735,October,Wednesday,19
2022-10-20,63700,98000,Print Advertising,53.84615384615385,October,Thursday,20
2022-10-21,35706,39375,Radio,10.27558393547303,October,Friday,21
2022-10-22,31772,73100,Radio,130.07679717990683,October,Saturday,22
2022-10-23,41021,115703,Radio,182.05797030789108,October,Sunday,23
2022-10-24,52846,92842,Radio,75.68406312682133,October,Monday,24
2022-10-25,51812,42951,TV,-17.102215702925964,October,Tuesday,25
2022-10-26,34670,24012,Social Media,-30.74127487741563,October,Wednesday,26
2022-10-27,87397,41609,TV,-52.390814330011324,October,Thursday,27
2022-10-28,75760,47012,Social Media,-37.946145723336855,October,Friday,28
2022-10-29,57084,97287,Print Advertising,70.42779062434307,October,Saturday,29
2022-10-30,42178,49302,Print Advertising,16.8903219687989,October,Sunday,30
2022-10-31,84287,23080,Radio,-72.61736685372597,October,Monday,31
2022-11-01,49463,37808,TV,-23.563067343266685,November,Tuesday,1
2022-11-02,72045,71449,TV,-0.8272607398153932,November,Wednesday,2
2022-11-03,52766,72798,TV,37.96384035174165,November,Thursday,3
2022-11-04,50460,22026,TV,-56.349583828775266,November,Friday,4
2022-11-05,55502,50741,Print Advertising,-8.57806925876545,November,Saturday,5
2022-11-06,68317,88836,Print Advertising,30.034983971778622,November,Sunday,6
2022-11-07,28347,134624,Social Media,374.9144530285392,November,Monday,7
2022-11-08,50849,116385,Radio,128.88355719876498,November,Tuesday,8
2022-11-09,20548,131188,Radio,538.4465641424956,November,Wednesday,9
2022-11-10,74961,117462,Social Media,56.69748269099932,November,Thursday,10
2022-11-11,81608,64973,Social Media,-20.38403097735516,November,Friday,11
2022-11-12,57536,60602,Print Advertising,5.328837597330367,November,Saturday,12
2022-11-13,82296,72947,Print Advertising,-11.3602119179547,November,Sunday,13
2022-11-14,80575,28735,Radio,-64.33757368910953,November,Monday,14
2022-11-15,61952,117316,Radio,89.36596074380165,November,Tuesday,15
2022-11-16,65526,75447,Social Media,15.140554894240454,November,Wednesday,16
2022-11-17,37532,54941,TV,46.38441862943621,November,Thursday,17
2022-11-18,50867,41195,TV,-19.014292173707904,November,Friday,18
2022-11-19,34626,107188,TV,209.5592907064056,November,Saturday,19
2022-11-20,26106,14559,Social Media,-44.23121121581246,November,Sunday,20
2022-11-21,24073,65260,Print Advertising,171.09209487807917,November,Monday,21
2022-11-22,64728,135673,TV,109.60480781114819,November,Tuesday,22
2022-11-23,95568,98243,Social Media,2.799054076678386,November,Wednesday,23
2022-11-24,88623,37737,TV,-57.41850309739007,November,Thursday,24
2022-11-25,64648,12262,Print Advertising,-81.03266922410593,November,Friday,25
2022-11-26,77607,119322,Radio,53.751594572654525,November,Saturday,26
2022-11-27,50122,111462,TV,122.38138940983998,November,Sunday,27
2022-11-28,56049,94769,Radio,69.08241003407733,November,Monday,28
2022-11-29,24586,24177,Print Advertising,-1.6635483608557715,November,Tuesday,29
2022-11-30,23001,53938,Print Advertising,134.5028477022738,November,Wednesday,30
2022-12-01,47193,52080,Print Advertising,10.355349310279067,December,Thursday,1
2022-12-02,72413,26360,Print Advertising,-63.59769654620027,December,Friday,2
2022-12-03,58267,68970,TV,18.368888049839533,December,Saturday,3
2022-12-04,86928,88108,Social Media,1.357445242039389,December,Sunday,4
2022-12-05,29556,33908,Social Media,14.724590607660035,December,Monday,5
2022-12-06,68970,134207,Radio,94.58750181238219,December,Tuesday,6
2022-12-07,21399,106827,Social Media,399.21491658488713,December,Wednesday,7
2022-12-08,78720,69481,Social Media,-11.736534552845528,December,Thursday,8
2022-12-09,73067,118632,Social Media,62.36057317256765,December,Friday,9
2022-12-10,30968,111041,Social Media,258.5669077757685,December,Saturday,10
2022-12-11,92110,64735,Print Advertising,-29.719900119422434,December,Sunday,11
2022-12-12,64066,34901,Print Advertising,-45.52336652826772,December,Monday,12
2022-12-13,65911,91343,Radio,38.585365113562226,December,Tuesday,13
2022-12-14,43312,21312,Social Media,-50.794237162910974,December,Wednesday,14
2022-12-15,58133,135956,Social Media,133.87060705623313,December,Thursday,15
2022-12-16,34234,95599,TV,179.2516211953029,December,Friday,16
2022-12-17,79044,131806,TV,66.75016446536107,December,Saturday,17
2022-12-18,48418,48899,Radio,0.9934321946383576,December,Sunday,18
2022-12-19,98132,122877,TV,25.216035543961198,December,Monday,19
2022-12-20,29002,107336,Social Media,270.09861388869734,December,Tuesday,20
2022-12-21,44344,26513,Social Media,-40.210626014793434,December,Wednesday,21
2022-12-22,75120,33189,TV,-55.81869009584665,December,Thursday,22
2022-12-23,20347,47081,Social Media,131.39037695974835,December,Friday,23
2022-12-24,48411,118138,Radio,144.03131519695938,December,Saturday,24
2022-12-25,91536,83988,Radio,-8.245936025170424,December,Sunday,25
2022-12-26,87958,15924,Print Advertising,-81.89590486368495,December,Monday,26
2022-12-27,40500,135747,Social Media,235.1777777777778,December,Tuesday,27
2022-12-28,90040,114727,TV,27.417814304753442,December,Wednesday,28
2022-12-29,60184,99169,Radio,64.77635251894192,December,Thursday,29
2022-12-30,36833,54670,TV,48.42668259441262,December,Friday,30
2022-12-31,41488,84580,Radio,103.86617817200154,December,Saturday,31
